,OR,p,pHat,pHat_std,FS_avg,FS_std,FS_conditional,FS_conditional_std,exp_error_5,poly_error_5,exp_error_10,poly_error_10,exp_error_15,poly_error_15
58,0.1,0.0,0.702,0.020454632727086548,0.4838932,0.01410542711113421,0.689185754985755,0.0009015525748812595,3.518094826890791e-08,2.0622091553782966e-06,1.0185625963125528e-06,0.00039804643986831136,0.00011466496042460401,0.005133795917968745
59,0.1,0.02,0.744,0.01951737687293044,0.5110428,0.013416079129772605,0.686781182795699,0.0009292873049124621,6.91527745938085e-08,2.1691488427168262e-06,1.7239288897457903e-07,0.0003704889885016183,3.7861575900309106e-05,0.004446687657246464
57,0.1,0.04,0.718,0.020123419192572618,0.4916556,0.01378792334390063,0.6846451253481894,0.000932311057960067,3.518094826890791e-08,2.0622091553782966e-06,9.250625188959498e-07,0.0003961574759985307,0.00011422848389147996,0.005111208990099954
45,0.1,0.06,0.744,0.01951737687293044,0.5064392,0.013297602844374621,0.6806,0.0009706914430825686,4.8632020276268744e-08,1.9786637899777835e-06,3.7128580185874053e-07,0.00037355492070005895,7.582310271548561e-05,0.004802430619908623
39,0.1,0.08,0.742,0.019567115270269147,0.5050524,0.013328599186279107,0.6805568733153639,0.0009350520084110312,1.6034888404324846e-08,1.6575586676575376e-06,1.4653113128291209e-06,0.0004062719345767972,0.00020229042548681824,0.005605206424237187
53,0.1,0.1,0.728,0.019900552756142227,0.49472400000000005,0.013532875441974629,0.6794631868131867,0.0009219604491479152,5.210560069946754e-08,2.093916906149063e-06,1.436895107018246e-06,0.00040521943680297135,0.00012839154041252877,0.005223173646389031
50,0.1,0.12,0.734,0.019760769215797242,0.4963144,0.01337128170615218,0.6760621253405994,0.0009468201174314758,5.222812216324887e-08,2.1374410919460597e-06,1.398207530973688e-07,0.0003572231546647239,0.00010376637462582711,0.004949787794243359
55,0.1,0.14,0.728,0.019900552756142227,0.4914988,0.013443618114076286,0.675006043956044,0.0009426814476120902,2.9485960411685677e-08,1.5740133022570246e-06,1.8373234759435861e-06,0.0004074440789352573,0.0001345892862376685,0.005273737408800451
54,0.1,0.16,0.722,0.020035768016225385,0.4858856000000001,0.013494129582350986,0.6728542936288089,0.0009937228877881753,5.222812216324887e-08,2.1374410919460597e-06,7.375330703998829e-06,0.00046994894105824975,0.0005142950245795758,0.00695717858150421
36,0.1,0.18,0.688,0.020719845559269985,0.462,0.01392125435727686,0.6713802325581395,0.000980751510869688,6.91527745938085e-08,2.1691488427168262e-06,1.0510059170405216e-06,0.0003987932314068282,4.805853996608739e-05,0.00464897356830196
52,0.1,0.2,0.744,0.01951737687293044,0.5002796,0.013134661526193964,0.6723123655913978,0.0009473480730310274,6.91527745938085e-08,2.1691488427168262e-06,1.3444993393991476e-06,0.00040342681277774314,0.00015003454177620163,0.00526649095093985
42,0.1,0.22,0.7,0.020493901531919198,0.4667584000000001,0.013676076094365663,0.6666617142857143,0.001058284892669492,6.91527745938085e-08,2.1691488427168262e-06,1.0846755124568236e-06,0.00039602545965325,0.00011633001621866399,0.005074966697078251
47,0.1,0.24,0.708,0.0203340109176719,0.4708376,0.013532241702411319,0.6648943502824859,0.0010046326059288738,6.91527745938085e-08,2.1691488427168262e-06,2.9608916617975544e-06,0.00042800024037192733,0.00013701174370386564,0.00531160959270345
48,0.1,0.26,0.736,0.019713142824014644,0.4896372,0.013126822614491291,0.6651663043478261,0.000981419350783517,5.210560069946754e-08,2.093916906149063e-06,1.4534714856826712e-06,0.000407412938904942,0.00020440268227634822,0.005607973750768061
34,0.1,0.28,0.696,0.020571047615520217,0.46123080000000005,0.01364204135541012,0.6625580459770115,0.0010243755427592233,6.567919417060971e-08,2.053895726545547e-06,9.283542973583028e-08,0.0003585418702386494,4.5220114911801e-05,0.004480084134361866
51,0.1,0.3,0.726,0.01994612744369192,0.47849040000000004,0.013158491207417362,0.6589586776859504,0.0010261452477647586,1.575439422459393e-08,1.433719101981646e-06,2.482373678324578e-07,0.0003474141462474152,1.0322114275657891e-05,0.004076857345977495
43,0.1,0.32,0.718,0.020123419192572618,0.4735096,0.0132816532696679,0.6593626740947076,0.000995406851392334,6.91527745938085e-08,2.1691488427168262e-06,1.269290073785958e-06,0.0003999275272692777,0.00021121861466571267,0.005627688597124017
40,0.1,0.34,0.73,0.019854470529329156,0.48016759999999997,0.013072516035579379,0.6576504109589041,0.0010219066158201446,6.887228041407758e-08,1.945309277040935e-06,1.3456076317024073e-07,0.0003587448946967965,3.2321293777554574e-05,0.004366148436230462
35,0.1,0.36,0.73,0.019854470529329156,0.4800480000000001,0.013068003349861829,0.6574969863013699,0.0009720006111635525,3.518094826890791e-08,2.0622091553782966e-06,2.120508681221497e-06,0.0004152236859422123,0.00019903426865835688,0.005589791190007287
22,0.1,0.38,0.732,0.0198078772209442,0.47715440000000003,0.012925998731288814,0.6517437158469945,0.0010322321946491595,1.6034888404324846e-08,1.6575586676575376e-06,5.993034925205899e-07,0.0003879045715186895,0.0001484818296561677,0.005333520878588512
118,0.1,0.4,0.738,0.01966499427917537,0.48076520000000006,0.012821724725555449,0.6513327913279132,0.0009551793873379116,1.575439422459393e-08,1.433719101981646e-06,4.186032963524048e-06,0.0004407331888345653,0.0002846560771125168,0.005992002523942044
107,0.1,0.42,0.734,0.019760769215797242,0.47877880000000006,0.012901887709212167,0.6521825613079019,0.0009774484527317944,6.91527745938085e-08,2.1691488427168262e-06,4.72083123422518e-07,0.0003674928635734971,3.8050428076487516e-05,0.004483070805981586
102,0.1,0.44,0.724,0.01999119806314769,0.4689340000000001,0.012962162934016839,0.6475955801104972,0.001027601708181985,3.518094826890791e-08,2.0622091553782966e-06,1.655347919346801e-06,0.00040867999017561664,0.00021206369568104426,0.00564598742628571
97,0.1,0.46,0.69,0.02068332661831747,0.4481508,0.013444718295253344,0.6493669565217391,0.0010488870420219884,6.91527745938085e-08,2.1691488427168262e-06,4.2808585309611056e-07,0.00038323049444808076,0.00021876587438627313,0.005612014206575001
88,0.1,0.48,0.708,0.0203340109176719,0.4585604,0.013183639336074087,0.6475627118644068,0.00107723472075211,3.0309941150854387e-08,2.0647296974303465e-06,1.9010287252145122e-06,0.00041195380464697416,0.0002755232638970057,0.00597870744757917
110,0.1,0.5,0.716,0.020166506886419373,0.4619692,0.013023557812776046,0.6451022346368714,0.0009948705018295847,4.596591714845269e-08,1.7296506998472215e-06,1.1597352515267128e-07,0.00036353955175309034,0.00010920297828422773,0.005022539743774467
111,0.1,0.52,0.73,0.019854470529329156,0.470708,0.01281805974833945,0.6447002739726027,0.0010633078606286993,9.609993544020612e-08,2.4196550750593847e-06,8.495851216436848e-07,0.0003945534199622614,0.00011891279648898995,0.005102875791204636
101,0.1,0.54,0.726,0.01994612744369192,0.46578720000000007,0.012811312126098559,0.6414683195592286,0.0010433559284500776,6.887228041407758e-08,1.945309277040935e-06,5.827258646143866e-07,0.00038268149415604026,0.00012632543180686028,0.0051708960507711385
115,0.1,0.56,0.734,0.019760769215797242,0.4698992000000001,0.012663128605471871,0.6400779291553134,0.000988119746841942,5.210560069946754e-08,2.093916906149063e-06,4.760065836490297e-06,0.0004445710654079883,0.0003736494494478705,0.006406120913939653
108,0.1,0.58,0.728,0.019900552756142227,0.4661712,0.012759156333438352,0.6402318681318682,0.0010792809965812884,4.9726220549494515e-08,1.540658789320176e-06,2.889535074804077e-06,0.00042607026823762,0.00021309892800775576,0.005695987382573422
85,0.1,0.6,0.714,0.020209106858047932,0.4567364,0.012942809453518197,0.639575350140056,0.0010845629577853437,6.91527745938085e-08,2.1691488427168262e-06,2.513200062512816e-06,0.0004229575498627566,0.000371245907955786,0.006302952663612341
113,0.1,0.62,0.716,0.020166506886419373,0.4575484,0.012905698187811461,0.6389201117318436,0.0011589419985229136,6.91527745938085e-08,2.1691488427168262e-06,1.5752687736879969e-06,0.0004057604813465341,0.0002262662377219969,0.005720274328792171
99,0.1,0.64,0.732,0.0198078772209442,0.4671032,0.01265530396867337,0.6380049180327869,0.0010633198494803065,6.91527745938085e-08,2.1691488427168262e-06,3.4273675496995606e-06,0.0004322493151759437,0.00030109899096057767,0.006061858973107768
91,0.1,0.66,0.708,0.0203340109176719,0.451866,0.01299181966962288,0.6380892655367232,0.0011098408795039013,6.212810911530552e-08,2.312715387720855e-06,1.8436108019129052e-07,0.0003698676393843892,0.00012686658503606902,0.0051307189943520515
86,0.1,0.68,0.712,0.020251222185339826,0.4540016,0.012928637793475382,0.6375112359550562,0.0011249671229754626,3.2959540834884474e-08,1.6892664184283041e-06,4.6212422592592786e-07,0.0003430191364651385,4.085296931913359e-05,0.0043289142895782135
109,0.1,0.7,0.718,0.020123419192572618,0.45794280000000004,0.012850281354753289,0.6376880222841226,0.0010870650409993694,6.91527745938085e-08,2.1691488427168262e-06,1.8435616873074023e-06,0.0004109561069854399,0.00030718980340936657,0.006062471600645385
105,0.1,0.72,0.694,0.020608930103234373,0.4425392000000001,0.013154505733273295,0.6375325648414986,0.0010910337870378858,5.0006714729225435e-08,1.7644983549960677e-06,5.076403793873491e-07,0.00038413276356214984,0.0002410143504630245,0.005747243722067323
104,0.1,0.74,0.698,0.02053270561811083,0.44551960000000007,0.013119778755439437,0.6381558739255015,0.0011030951515153672,6.91527745938085e-08,2.1691488427168262e-06,2.2911573861496915e-06,0.000417515967151177,0.0004260883033076904,0.006571859274751605
98,0.1,0.76,0.688,0.020719845559269985,0.4406024,0.013281083075882027,0.6402796511627906,0.0010738043835644422,2.9485960411685677e-08,1.5740133022570246e-06,8.828949331639899e-07,0.000394351520423188,8.606613394364293e-05,0.004847424161830455
114,0.1,0.78,0.696,0.020571047615520217,0.44701,0.01322571124892722,0.642133908045977,0.0010976143368702492,5.210560069946754e-08,2.093916906149063e-06,2.046557857777717e-07,0.00035105485125638846,3.2541265139196106e-05,0.004375640851447146
129,0.1,0.8,0.728,0.019900552756142227,0.47247360000000005,0.012928961834814116,0.6488978021978022,0.001014134642238912,3.2959540834884474e-08,1.6892664184283041e-06,1.517960013398769e-06,0.0004065417784558704,0.0002442624887373834,0.005757287947855414
134,0.1,0.82,0.726,0.01994612744369192,0.473844,0.01303262574188333,0.6525663911845729,0.001050496810793709,5.1947627983517953e-08,1.9136015262701684e-06,4.4123552153259754e-07,0.00038159212420095056,9.545441839232066e-05,0.004925567274726971
135,0.1,0.84,0.734,0.019760769215797242,0.48088520000000007,0.012963865795430003,0.6550446866485015,0.0011137145692683014,5.210560069946754e-08,2.093916906149063e-06,4.9193507907944325e-06,0.00044870462060979323,0.00032168805774336775,0.00621647259104013
138,0.1,0.86,0.752,0.019313000802568203,0.5000892,0.012857240323129997,0.6649148936170213,0.000986921882234632,5.210560069946754e-08,2.093916906149063e-06,1.5579709321895026e-06,0.00040652680999246925,0.00019496936758709414,0.005558798862076438
131,0.1,0.88,0.708,0.0203340109176719,0.4796524,0.0137880407001314,0.6773632768361583,0.0010496845313233323,1.2561307981126051e-08,1.542305551486258e-06,1.1837017329194665e-06,0.0003985356120192336,0.0002465758682318607,0.005807071784682761
137,0.2,0.0,0.692,0.020646355610615643,0.4995368,0.014903929919706413,0.7217335260115607,0.000759819669738232,5.222812216324887e-08,2.1374410919460597e-06,1.909736567600625e-06,0.0004113533505043306,0.00027730053721690455,0.005979029254465033
136,0.2,0.02,0.72,0.020079840636817812,0.5192952000000001,0.014485215429323791,0.7211266666666666,0.0007885139171446908,3.2959540834884474e-08,1.6892664184283041e-06,3.266270191873259e-06,0.00042934524572943157,0.00032912003958831973,0.006174918637624939
139,0.2,0.04,0.718,0.020123419192572618,0.5176276000000001,0.01450821431039947,0.7208011142061281,0.0007434744398477826,3.518094826890791e-08,2.0622091553782966e-06,2.9302895358746477e-07,0.00037749412868748604,5.172504219054621e-05,0.004654853673969122
140,0.2,0.06,0.724,0.01999119806314769,0.5208400000000001,0.014383193381165393,0.7192657458563535,0.0007712204310917695,6.91527745938085e-08,2.1691488427168262e-06,3.153875361344152e-06,0.0004262897346955381,0.00014847718832265976,0.005403042250423993
141,0.2,0.08,0.7,0.020493901531919198,0.5007472000000001,0.014662116699314597,0.715224,0.0007948493293238228,3.2679046655153554e-08,1.4654268527524126e-06,3.548898710887905e-07,0.0003607555010297658,0.00013897728571142764,0.0051524044496510345
49,0.2,0.1,0.762,0.01904499934365974,0.5454868,0.013641343997257747,0.7157706036745407,0.0008410267586613504,3.2679046655153554e-08,1.4654268527524126e-06,3.7855584726947145e-07,0.00038086246670461326,8.599701954411658e-05,0.004874284049174256
30,0.2,0.12,0.7,0.020493901531919198,0.49854680000000007,0.01459644603112415,0.7120685714285715,0.0007767580680043899,5.0006714729225435e-08,1.7644983549960677e-06,3.7382585596433965e-06,0.0004363927275639734,0.00024914367423056044,0.005847142777019934
31,0.2,0.14,0.716,0.020166506886419373,0.5093348,0.01434954388048345,0.7112497206703912,0.0008126498391222752,5.1947627983517953e-08,1.9136015262701684e-06,8.652733344444929e-07,0.00039281632185344086,0.0002959073421386486,0.006002486212337411
44,0.2,0.16,0.756,0.019207498535728174,0.5367491999999999,0.013641960274048594,0.7098830687830688,0.0007872688362586311,6.91527745938085e-08,2.1691488427168262e-06,1.476892688588855e-06,0.00040317273673148727,0.00014384806296052004,0.005316309858015518
37,0.2,0.18,0.692,0.020646355610615643,0.49053880000000005,0.014637469880724606,0.7087410404624278,0.0008041910356606572,5.0006714729225435e-08,1.7644983549960677e-06,6.582016767784149e-07,0.00039033405980716323,0.00018358093588686603,0.005460356565470906
38,0.2,0.2,0.73,0.019854470529329156,0.5162708,0.01404702239389971,0.7070953424657533,0.0008808026248220151,6.91527745938085e-08,2.1691488427168262e-06,3.7018682911154857e-07,0.0003822394989104285,4.534202343681316e-05,0.0045400417987658
56,0.2,0.22,0.76,0.019099738218101316,0.5355028,0.013465244380415827,0.70452,0.0008213284287126767,5.210560069946754e-08,2.093916906149063e-06,4.0666914336259754e-07,0.0003804069085166322,0.00010494502695433035,0.0049284190670493624
33,0.2,0.24,0.714,0.020209106858047932,0.5026628,0.014234110420827851,0.703896918767507,0.0009046419022265921,3.2679046655153554e-08,1.4654268527524126e-06,5.714983750609932e-07,0.0003842785634288878,5.7044846859466224e-05,0.004716664187608607
18,0.2,0.26,0.708,0.0203340109176719,0.49661360000000004,0.014268234266021846,0.7013,0.0009077375829779092,3.2959540834884474e-08,1.6892664184283041e-06,1.6007948488004838e-06,0.0004017003562993745,0.0002458580937685664,0.0058141020750787425
32,0.2,0.28,0.704,0.020414896521902825,0.49314720000000006,0.014306162046625923,0.7003789772727272,0.0008839910536758303,6.91527745938085e-08,2.1691488427168262e-06,1.2257723865100514e-06,0.00040026122826246444,0.00015769573031508728,0.005356111464161397
26,0.2,0.3,0.74,0.019616319736382767,0.5167132,0.013703474799171195,0.6981567567567567,0.0008378299394052642,1.6034888404324846e-08,1.6575586676575376e-06,1.8248379232171838e-07,0.0003742695187923324,0.00015605808251040393,0.005262269437268813
28,0.2,0.32,0.72,0.020079840636817812,0.5028808,0.014027668660997096,0.6983199999999999,0.0008055686588972606,3.2679046655153554e-08,1.4654268527524126e-06,6.13514921083654e-07,0.000386389430658928,9.193981777415956e-05,0.004990361929132806
19,0.2,0.34,0.692,0.020646355610615643,0.4817436,0.014375042868738861,0.6960075144508671,0.0008540588130410453,3.2959540834884474e-08,1.6892664184283041e-06,4.160909073550569e-06,0.0004412070169580059,0.00025589245075611946,0.005897822875966112
21,0.2,0.36,0.714,0.020209106858047932,0.495716,0.014035760213397776,0.6941647058823529,0.0008501986850702074,4.9726220549494515e-08,1.540658789320176e-06,1.4610593954259865e-06,0.00040192258343982215,9.999664632576852e-05,0.005036602110139182
29,0.2,0.38,0.718,0.020123419192572618,0.49818280000000004,0.013967944921437797,0.6937286908077993,0.0008663861450627355,5.182510651973663e-08,1.8700773404731713e-06,3.7378069352678215e-07,0.0003581377630413802,0.00011288277485895873,0.005038286922220161
24,0.2,0.4,0.698,0.02053270561811083,0.4832424,0.014221310856755785,0.6921936962750717,0.0009324496608547848,9.609993544020612e-08,2.4196550750593847e-06,2.9107607145669646e-06,0.00042706243362636764,0.000269849332379267,0.005905678431576674
17,0.2,0.42,0.69,0.02068332661831747,0.47745519999999997,0.014318699571746033,0.6918301449275363,0.0009657539810334659,5.210560069946754e-08,2.093916906149063e-06,2.2846765187544023e-06,0.00042003493213657177,0.0002326069739252386,0.005730853607699187
46,0.2,0.44,0.722,0.020035768016225385,0.4994496,0.013867855189598715,0.6916432132963989,0.0009295004083197918,4.9726220549494515e-08,1.540658789320176e-06,1.3937524775464125e-07,0.00036925701547938183,0.00010451619751871915,0.0049767931642968445
27,0.2,0.46,0.724,0.01999119806314769,0.502156,0.013872149744289816,0.693467955801105,0.0008927091598861637,5.210560069946754e-08,2.093916906149063e-06,2.574069040500271e-06,0.0004228673376152729,0.00025901018165442165,0.005849956898862563
20,0.2,0.48,0.736,0.019713142824014644,0.5080536000000001,0.013617315236641912,0.6901853260869565,0.0009338726326393317,6.91527745938085e-08,2.1691488427168262e-06,3.6002057616679745e-07,0.00038076459148128324,8.241696362329198e-05,0.004846216986443496
83,0.2,0.5,0.728,0.019900552756142227,0.5020632,0.013731604597115372,0.6895510989010988,0.0008599228022804341,6.887228041407758e-08,1.945309277040935e-06,3.3338512549392407e-07,0.00034424197389420184,5.525771411519315e-05,0.0046094547866145745
82,0.2,0.52,0.692,0.020646355610615643,0.47757520000000003,0.014253364326008088,0.6900052023121388,0.000893295846089694,1.575439422459393e-08,1.433719101981646e-06,2.9770294064066247e-06,0.000426672039484939,0.00028471191005113844,0.006019003420664141
94,0.2,0.54,0.706,0.020374690181693564,0.48706360000000004,0.014064744465153997,0.6897722379603399,0.0009704362351364235,3.2679046655153554e-08,1.4654268527524126e-06,3.308041074190596e-07,0.0003752863739646904,5.5536576704223755e-05,0.004710045802844694
112,0.2,0.56,0.722,0.020035768016225385,0.49804,0.01382705063562002,0.6896919667590027,0.0008762157166577244,5.210560069946754e-08,2.093916906149063e-06,4.4167398842827804e-07,0.0003819962791465053,9.197833533218058e-05,0.004949330661971984
89,0.2,0.58,0.718,0.020123419192572618,0.49601,0.01390858248852125,0.6907103064066853,0.0008945324632068818,5.222812216324887e-08,2.1374410919460597e-06,2.927430498937245e-06,0.00042438274460078723,0.0002930072041720398,0.0060669062315673525
93,0.2,0.6,0.704,0.020414896521902825,0.48605200000000004,0.014104702785666914,0.690297159090909,0.0010137624655587837,4.9726220549494515e-08,1.540658789320176e-06,4.0219750027173255e-06,0.00043484627474847957,0.00030324870134045326,0.006102259434872716
80,0.2,0.62,0.686,0.020755914819636352,0.47409920000000005,0.01435022565950515,0.6909825072886298,0.000919929140979302,6.91527745938085e-08,2.1691488427168262e-06,2.342789797021889e-06,0.0004196195855149798,0.0002682488797315959,0.0059166126372234215
96,0.2,0.64,0.712,0.020251222185339826,0.4945464,0.01407248222077683,0.6944696629213483,0.0008978830200793073,1.575439422459393e-08,1.433719101981646e-06,8.055516254839621e-07,0.0003933944545888963,0.00015823541340626143,0.005369641485153811
119,0.2,0.66,0.75,0.019364916731037084,0.5208307999999999,0.01345679680840578,0.6943488000000001,0.0008787804760285068,5.0006714729225435e-08,1.7644983549960677e-06,2.9252090915032214e-06,0.00042400980186383725,0.00018306951406679342,0.0055754289049837905
116,0.2,0.68,0.75,0.019364916731037084,0.5229792,0.01351091988928659,0.6972053333333333,0.0008604453186405109,6.91527745938085e-08,2.1691488427168262e-06,1.4935422273582845e-06,0.00040421537924672195,0.0003160051493431734,0.006092345857011179
117,0.2,0.7,0.744,0.01951737687293044,0.5215292,0.013688311944674554,0.7008758064516127,0.0008602267399158515,6.91527745938085e-08,2.1691488427168262e-06,1.3489504063665931e-06,0.0003999870015608637,0.00026017055937667237,0.005866002992395408
100,0.2,0.72,0.708,0.0203340109176719,0.49883160000000004,0.014330484555760142,0.7044480225988701,0.0008270523788704188,3.2679046655153554e-08,1.4654268527524126e-06,2.1516215722086455e-07,0.00036454967148140947,0.00010715747532229535,0.004974311931905717
84,0.2,0.74,0.716,0.020166506886419373,0.5068220000000001,0.014280042167724855,0.707740782122905,0.0008519468109339396,2.919923743384264e-08,1.87825832895535e-06,4.2636028893155466e-07,0.00038224712197416823,8.710313989229379e-05,0.004920478028938713
95,0.2,0.76,0.712,0.020251222185339826,0.5078248,0.014447880909320922,0.713120786516854,0.0008315064431857738,5.210560069946754e-08,2.093916906149063e-06,2.9358503155173554e-06,0.00042830187245918245,0.0002049303370921408,0.0056149649174969205
103,0.2,0.78,0.736,0.019713142824014644,0.5311348,0.014229878278394373,0.721541847826087,0.0007936412668679886,6.887228041407758e-08,1.945309277040935e-06,5.088643923847604e-07,0.0003804289713501915,0.0001350060896063822,0.0052163423255564625
92,0.3,0.0,0.74,0.019616319736382767,0.5652452000000001,0.01498277410608329,0.7637394594594594,0.0006144503140201838,3.2679046655153554e-08,1.4654268527524126e-06,3.2809711113317383e-06,0.0004286949428170076,0.0003161318291500132,0.006121396730597472
90,0.3,0.02,0.726,0.01994612744369192,0.5531268,0.015196482498378365,0.7617741046831956,0.0006694758822464086,3.2679046655153554e-08,1.4654268527524126e-06,5.831890855855018e-07,0.00038018960354345877,0.00010918184941917737,0.005074703518765412
87,0.3,0.04,0.716,0.020166506886419373,0.5450932,0.01535141783378721,0.7611810055865921,0.0006600082306317438,6.91527745938085e-08,2.1691488427168262e-06,4.903510386644064e-06,0.0004485165327541776,0.0004309276115373468,0.006640973619671285
81,0.3,0.06,0.702,0.020454632727086548,0.5338440000000001,0.0155539395179485,0.7603487179487178,0.0006513079542789463,5.182510651973663e-08,1.8700773404731713e-06,4.179459196802333e-07,0.0003829901741109655,5.829672016186457e-05,0.004697894224118232
106,0.3,0.08,0.758,0.019153902996517445,0.5748416,0.01452643603017891,0.7582749340369394,0.0006354339482128819,3.2959540834884474e-08,1.6892664184283041e-06,1.7815662748526512e-07,0.00036695616993339964,1.4488153996187378e-05,0.0041499286502222465
126,0.3,0.1,0.728,0.019900552756142227,0.551194,0.015067287376565165,0.7570203296703297,0.0006848233238201974,1.6034888404324846e-08,1.6575586676575376e-06,1.7114117416932258e-07,0.00035907301802134083,0.00015267663439613716,0.0052410643974794
124,0.3,0.12,0.74,0.019616319736382767,0.5591812,0.014822512459536677,0.7555437837837837,0.0006357700719504609,6.91527745938085e-08,2.1691488427168262e-06,1.0675121887719017e-06,0.00039817001797673804,0.00017543492978442678,0.0054749367352969576
123,0.3,0.14,0.71,0.020292855885754475,0.53551,0.015304188654090748,0.7541104225352113,0.0006766930771212621,6.91527745938085e-08,2.1691488427168262e-06,1.758595943101872e-06,0.00040881915528830374,0.0001424324080028971,0.005344542732141008
125,0.3,0.16,0.706,0.020374690181693564,0.5300392,0.015368446827403216,0.7506385269121812,0.002225740720641834,3.2959540834884474e-08,1.6892664184283041e-06,2.0694619812292606e-07,0.0003697505705821506,3.652340294521751e-05,0.004497979304199389
122,0.3,0.18,0.706,0.020374690181693564,0.5304876,0.01530817970669537,0.7512623229461757,0.0007062317201770795,3.2959540834884474e-08,1.6892664184283041e-06,6.354029086904164e-07,0.0003868382507485325,0.00013300842876338143,0.005201648646297486
127,0.3,0.2,0.742,0.019567115270269147,0.5578196000000001,0.014709287777172625,0.7516711590296496,0.0006239493470033489,1.575439422459393e-08,1.433719101981646e-06,1.4551416211499896e-06,0.00040292221516180623,0.00024685022577614887,0.005815956022930572
133,0.3,0.22,0.718,0.020123419192572618,0.5390904000000001,0.015106543577393208,0.7506908077994427,0.0006318170155197038,5.0006714729225435e-08,1.7644983549960677e-06,7.1043562304472e-07,0.000392153957488695,0.00010683925580936058,0.005003709351005766
128,0.3,0.24,0.714,0.020209106858047932,0.5348072,0.015136930380242884,0.748913725490196,0.0006849819345428377,5.210560069946754e-08,2.093916906149063e-06,1.203552525672425e-06,0.0004006440505858797,0.0001468832819909704,0.005298952119679418
132,0.3,0.26,0.708,0.0203340109176719,0.5295852,0.015209627268342903,0.7478723163841808,0.0007290468941757327,4.62464113281836e-08,1.9534902655231133e-06,1.1063435967163983e-06,0.00040079879305683153,0.00010319382237099849,0.00502776185910123
130,0.3,0.28,0.678,0.020895741192884256,0.5065919999999999,0.01560942396989716,0.747022418879056,0.0006906218328389008,6.91527745938085e-08,2.1691488427168262e-06,3.691295502466393e-06,0.0004353035785305336,0.00026581131454244235,0.0059691553325244215
23,0.3,0.3,0.76,0.019099738218101316,0.5676947999999999,0.014267641165445674,0.7468626315789473,0.0006689955538176967,1.2274585003283016e-08,1.8465505781845834e-06,3.3804778201421843e-06,0.00043284034117305995,0.0002901635406932449,0.006028211468126555
41,0.3,0.32,0.79,0.01821537811850196,0.5879656000000001,0.013561443930248726,0.7441853164556963,0.0006900537441035134,3.2679046655153554e-08,1.4654268527524126e-06,9.776238320907098e-08,0.00036822412133849514,9.355375762066418e-05,0.004913857521365684
6,0.3,0.34,0.704,0.020414896521902825,0.5247556,0.015217705290130968,0.7452761363636363,0.0007253438974550433,3.2679046655153554e-08,1.4654268527524126e-06,7.75183706628922e-08,0.00036650106441986374,3.0180659514985632e-05,0.004360470361430601
14,0.3,0.36,0.718,0.020123419192572618,0.5340744000000001,0.014968280386513343,0.7437186629526462,0.0006873881177276625,3.2959540834884474e-08,1.6892664184283041e-06,1.678548064252925e-07,0.000371726414371302,6.726152008983506e-05,0.004763158399806805
3,0.3,0.38,0.712,0.020251222185339826,0.5301524,0.01507860533963536,0.7444775280898877,0.0006880081142418205,6.91527745938085e-08,2.1691488427168262e-06,4.6484230129312645e-07,0.0003814549973281858,6.586860952320632e-05,0.004758355297467447
25,0.3,0.4,0.728,0.019900552756142227,0.5420556000000001,0.01481825524065772,0.7444752747252749,0.000687823309234016,3.518094826890791e-08,2.0622091553782966e-06,9.148962659512002e-07,0.00039468256856938546,0.00012379573624999327,0.005129883869751153
11,0.3,0.42,0.724,0.01999119806314769,0.5374976,0.014841904723736777,0.7422861878453038,0.000701087507995907,5.210560069946754e-08,2.093916906149063e-06,9.022659461390493e-07,0.00039543561732205456,5.599869190504321e-05,0.004715961286630049
16,0.3,0.44,0.74,0.019616319736382767,0.5509232,0.014604932242346075,0.7443832432432431,0.0006880306962045434,4.596591714845269e-08,1.7296506998472215e-06,1.8013072330510942e-06,0.000404816370409162,0.0003084907215126783,0.006072823348430021
15,0.3,0.46,0.734,0.019760769215797242,0.5451512000000001,0.014678190352939288,0.7426043596730245,0.0007257120316953079,3.518094826890791e-08,2.0622091553782966e-06,9.302533068370607e-07,0.0003938574799828824,0.000123325363113042,0.005190473231223441
12,0.3,0.48,0.704,0.020414896521902825,0.5235772,0.015182002136751265,0.7435880681818182,0.0007007641718678046,9.609993544020612e-08,2.4196550750593847e-06,5.955065923792215e-06,0.00045903252396214,0.00037715924376297244,0.006421018379470233
13,0.3,0.5,0.724,0.01999119806314769,0.538548,0.014869918736563424,0.743732044198895,0.0006758135184493646,6.91527745938085e-08,2.1691488427168262e-06,1.8203946069188204e-06,0.0004123976810812519,0.0001856711272753715,0.005561309835469435
4,0.3,0.52,0.722,0.020035768016225385,0.5385663999999999,0.01494554741393168,0.7458216066481994,0.0006953287750978794,3.2959540834884474e-08,1.6892664184283041e-06,1.272939343956255e-06,0.0004020340671923002,0.0001426080997196644,0.005267232367963232
10,0.3,0.54,0.726,0.01994612744369192,0.5416312000000001,0.014880078160181819,0.7459289256198347,0.0006721020500517933,3.2679046655153554e-08,1.4654268527524126e-06,1.284565138931563e-07,0.00035985249331946907,6.6770464785536e-05,0.004744271545124333
7,0.3,0.56,0.688,0.020719845559269985,0.5150048,0.015507555669218796,0.7484087209302326,0.000689432015624363,3.2679046655153554e-08,1.4654268527524126e-06,3.593739718176749e-06,0.0004340400929107557,0.00035569439827235616,0.006333880903787786
8,0.3,0.58,0.704,0.020414896521902825,0.5274792,0.015295125443575804,0.7491397727272727,0.000674013588909806,1.575439422459393e-08,1.433719101981646e-06,2.067698069496464e-07,0.0003689856198462968,9.445615061540129e-05,0.004940399258476851
5,0.3,0.6,0.718,0.020123419192572618,0.5397520000000001,0.015126814639969646,0.7516306406685238,0.000651300558455432,1.575439422459393e-08,1.433719101981646e-06,2.2891109224729436e-06,0.0004186603162085687,0.0002597210361297667,0.005891725804064624
2,0.3,0.62,0.7,0.020493901531919198,0.5276324,0.015446558720326025,0.7536262857142856,0.0007205059343263017,3.216686143135819e-08,2.0956789990475616e-06,1.3715384342574508e-06,0.000405282195346712,0.0002586770193726975,0.005880389408271623
9,0.3,0.64,0.728,0.019900552756142227,0.552592,0.015105329142789309,0.7589461538461538,0.0006613544374088627,5.210560069946754e-08,2.093916906149063e-06,9.292901601634668e-07,0.0003942575237534758,0.00011727017745714014,0.005131535420244645
0,0.3,0.66,0.696,0.020571047615520217,0.5290236,0.015633627182649584,0.7599545977011495,0.000672389494131137,4.214056671152961e-08,1.2365462029724212e-06,1.723216939231914e-06,0.00031600115607509794,7.911192994423735e-06,0.0038284122644010737
1,0.3,0.68,0.694,0.020608930103234373,0.5317512000000001,0.015788842654137762,0.7660806916426512,0.0006715707870316061,5.182510651973663e-08,1.8700773404731713e-06,1.7409877808480692e-06,0.0004082962442203842,0.00026950929015991744,0.005916967535867951
75,0.3,0.7,0.71,0.020292855885754475,0.5481428,0.015664065444715176,0.7719030985915493,0.0006284280814328879,3.2679046655153554e-08,1.4654268527524126e-06,3.6545362938636245e-07,0.00034071693470532407,6.817192921597337e-06,0.003918481175807202
60,0.6,0.0,0.728,0.019900552756142227,0.6402228,0.01749612867123239,0.8793236263736264,0.00041462585518218023,1.6034888404324846e-08,1.6575586676575376e-06,3.671187466030368e-07,0.0003710839675072878,4.332870976796161e-05,0.004554770163782466
67,0.6,0.02,0.724,0.01999119806314769,0.6364256,0.017567461803267993,0.8789215469613259,0.00045021838029143425,6.91527745938085e-08,2.1691488427168262e-06,2.5548237165110443e-06,0.00042103983845010297,0.0002115567749244,0.005667451993248273
74,0.6,0.04,0.76,0.019099738218101316,0.667688,0.016775616691853682,0.8784494736842104,0.0003993383542244438,5.210560069946754e-08,2.093916906149063e-06,1.7709601469117154e-07,0.0003708032052975475,2.8457022169334763e-05,0.004411455673935236
64,0.6,0.06,0.738,0.01966499427917537,0.6481024,0.01726331775727018,0.8780693766937671,0.0004085051375640425,6.91527745938085e-08,2.1691488427168262e-06,1.7789284489913728e-06,0.00041176897014659437,0.0001514449275160286,0.005361805059898956
69,0.6,0.08,0.708,0.0203340109176719,0.6223124,0.017865824658617916,0.8788378531073447,0.0003918608875865214,5.210560069946754e-08,2.093916906149063e-06,1.0487494775329902e-06,0.000395308713961795,4.2579065421198576e-05,0.004610989341530474
70,0.6,0.1,0.714,0.020209106858047932,0.6270028000000001,0.017739894254034324,0.8780246498599439,0.00040739447149654195,5.0006714729225435e-08,1.7644983549960677e-06,1.1180313218870092e-06,0.0003986738176544322,0.00010665475070678014,0.0051129740833570445
65,0.6,0.12,0.706,0.020374690181693564,0.6192508,0.017865135238187255,0.8770039660056655,0.0004156821476263177,6.91527745938085e-08,2.1691488427168262e-06,1.5567282765574679e-06,0.00040887380978232597,0.00012433880781728376,0.005210270465020168
66,0.6,0.14,0.72,0.020079840636817812,0.6315256,0.017607255517237203,0.87701,0.0004247784825756353,3.2959540834884474e-08,1.6892664184283041e-06,4.1184837266552543e-07,0.0003821572330539627,9.346863752134612e-05,0.0049806217305202955
63,0.6,0.16,0.696,0.020571047615520217,0.6105592000000001,0.018038981830212037,0.8771063218390804,0.00041311992348240913,2.919923743384264e-08,1.87825832895535e-06,8.165388249621824e-07,0.0003940974410479524,7.459835147289924e-05,0.004815921280962537
61,0.6,0.18,0.722,0.020035768016225385,0.6330820000000001,0.01756256805344822,0.8767290858725761,0.00042270219771448444,1.6034888404324846e-08,1.6575586676575376e-06,3.170689429220649e-07,0.00038172790873536923,3.166513596574776e-05,0.004489720078625706
76,0.6,0.2,0.744,0.01951737687293044,0.6530191999999999,0.017124825419919467,0.8776037634408602,0.00039743107479037545,4.9726220549494515e-08,1.540658789320176e-06,6.499697830865536e-07,0.000390328418795868,2.9986445562680664e-05,0.004483972067322152
78,0.6,0.22,0.74,0.019616319736382767,0.6492236,0.01720394502682684,0.8772162162162164,0.0003961338240972158,5.0006714729225435e-08,1.7644983549960677e-06,7.552184683703353e-07,0.0003926652885908545,0.00010453443097327939,0.005047537010264546
62,0.6,0.24,0.702,0.020454632727086548,0.6156731999999999,0.017932575551869844,0.8768917378917379,0.0004358393909539071,9.609993544020612e-08,2.4196550750593847e-06,5.961787625056245e-06,0.0004589482554320791,0.0002621266466986084,0.0059237619884675696
68,0.6,0.26,0.706,0.020374690181693564,0.6195228,0.017872598318104727,0.8773830028328612,0.00041961529163030695,3.2959540834884474e-08,1.6892664184283041e-06,5.033689892012614e-07,0.00038549799781340926,8.103871435381413e-05,0.004907263304919668
72,0.6,0.28,0.724,0.01999119806314769,0.6353951999999999,0.017539613312553954,0.8775132596685081,0.0004128690907123969,4.62464113281836e-08,1.9534902655231133e-06,5.739627204966124e-07,0.000386270898201649,3.140688699040564e-05,0.004434553087698096
73,0.6,0.3,0.716,0.020166506886419373,0.62905,0.017712219744571826,0.8784536312849162,0.00040380213545296344,3.2679046655153554e-08,1.4654268527524126e-06,5.028080008417995e-07,0.0003850503186820575,5.23418948109782e-05,0.0046874845316632364
77,0.6,0.32,0.694,0.020608930103234373,0.609626,0.018095614578344667,0.8782749279538904,0.000411783715976833,5.182510651973663e-08,1.8700773404731713e-06,7.966164797696393e-07,0.00039296078549499926,4.857039643779933e-05,0.004598804935092749
71,0.6,0.34,0.708,0.0203340109176719,0.6222312000000001,0.017864542176420865,0.8787327683615819,0.00042509121734890184,3.518094826890791e-08,2.0622091553782966e-06,3.006902707575419e-06,0.0004289992765331568,0.00014130307640293916,0.005337543830489404
79,0.6,0.36,0.724,0.01999119806314769,0.6371136,0.017586953776879043,0.8798867403314917,0.00040454701261097677,4.9726220549494515e-08,1.540658789320176e-06,8.949914959657384e-07,0.0003298631171382232,2.034249683691616e-05,0.004138854109991907
120,0.6,0.38,0.718,0.020123419192572618,0.6320652,0.017708409671619865,0.8801883008356547,0.0004087966602240127,5.0006714729225435e-08,1.7644983549960677e-06,7.1043562304472e-07,0.000392153957488695,0.0001412559796636583,0.005254083516992131
121,0.6,0.4,0.724,0.01999119806314769,0.6379336000000001,0.017609615168483382,0.8810187845303868,0.0004096821270987246,6.91527745938085e-08,2.1691488427168262e-06,2.642982166498513e-07,0.0003710940131057856,5.940946228952855e-05,0.004655753637505745
